start_station_id,start_lat,start_lng,TRACTCE,pop_den,male_ratio,white_ratio,median_age,housing_unit_den,LU_diversity,bike_density,dist_to_transit
31100.0,38.90028618933749,-77.04290410015595,010700,0.00198746506233821,0.4887133182844244,0.7933059307105108,32.4,0.001529854596517674,1.4102079047824059,0.6096224290073543,0.1190835946216946
31101.0,38.91776819509668,-77.03207769009437,004300,0.01712759934768097,0.4203256043413912,0.7767349260523322,34.2,0.010088975639433192,2.515273963689735,0.7442222521454556,0.1046521603605471
31102.0,38.92946490355618,-77.02782166867797,003000,0.019991834254353483,0.47637140821657564,0.46648793565683644,30.4,0.007600789988416035,1.9143950994679075,0.40796879755444365,0.10209360802932359
31103.0,38.92612228939876,-77.03543029492772,003702,0.02106548873941706,0.34511517077045273,0.3031161473087819,28.7,0.011653783087374091,1.9010845179771476,0.5673752558240208,0.12629061089472696
31104.0,38.92289088349154,-77.04253707600445,003901,0.02121525908130721,0.4021866458414682,0.6743119266055045,38.2,0.01495257424512281,2.0410131942162537,0.5275673616034666,0.07237627388772108
31105.0,38.926790923567296,-77.03220147919953,003000,0.019991834254353483,0.47637140821657564,0.46648793565683644,30.4,0.007600789988416035,1.9143950994679075,0.4536805678809172,0.1356138547803619
31106.0,38.923201240466774,-77.0476404851002,004001,0.017654416186719896,0.5377220480668756,0.8923010380622838,33.2,0.008921291189025852,1.8081392257242488,0.32202741801281326,0.1499526066800058
31107.0,38.93190876872124,-77.03879199062493,002702,0.012640338022053266,0.52056151940545,0.6984924623115578,34.1,0.004870339984384851,1.6174912056289341,0.33769920795987013,0.08522314685680658
31108.0,38.87669768729377,-77.01789619155787,010201,0.013134420530180005,0.5485415759686547,0.6585484656600098,34.5,0.010572722490336452,1.893704106431458,0.3541858578654732,0.11635481026127832
31109.0,38.91560261595159,-77.02202782925954,004402,0.0091611888799109,0.4918553833929281,0.6138424821002386,34.6,0.003970940432253791,2.462944703987125,0.5797076316115382,0.08673729177814289
31110.0,38.91540159074388,-77.04459973790475,004002,0.017642679263690276,0.4278230500582072,0.8572309589885908,38.2,0.011814844291545789,1.7100327495589982,0.5126025942188728,0.19591927366619796
31111.0,38.91719905100391,-77.02590071767057,004401,0.014265173454302437,0.5633162975582056,0.6473331390265229,32.6,0.007116385508009478,2.1698365810707765,0.7554230062384247,0.06896031352904254
31112.0,38.927874714046276,-77.04335041869021,003902,0.008532416805183986,0.5554089709762533,0.7994530537830447,39.3,0.005027897325834012,1.853276573291621,0.42701934826267807,0.1816508714148024
31113.0,38.920665747897175,-77.04367546392905,004002,0.017642679263690276,0.4278230500582072,0.8572309589885908,38.2,0.011814844291545789,1.7100327495589982,0.5645319727529985,0.12077184928571791
31114.0,38.91880461771348,-77.04156970493638,003801,0.011260474860335195,0.45915324985092426,0.8248877485567672,34.1,0.007036957455951869,1.9819257391843883,0.6798079419053994,0.15646670849094155
31115.0,38.92811811999801,-77.0237899162538,003100,0.01288664135382169,0.501437908496732,0.49003769520732365,33.2,0.005612848234109002,1.9824004846664478,0.3784266010943356,0.09710500336215154
31116.0,38.91776010924426,-77.04062495956236,003801,0.011260474860335195,0.45915324985092426,0.8248877485567672,34.1,0.007036957455951869,1.9819257391843883,0.711651774287984,0.1401590895831295
31117.0,38.92334300230943,-77.03518661536616,003701,0.013318676232353622,0.5095569070373588,0.7390716538981523,31.1,0.009563758389261745,1.837241323739964,0.6651830245269842,0.22308124323288894
31118.0,38.91762245200252,-77.0159683909171,003400,0.005501076297536474,0.37834064619066615,0.37692823608316567,23.6,0.0013988576544393708,1.9425792290653319,0.29859273804341546,0.21655076794552824
31119.0,38.92107099796527,-77.0318680557967,003600,0.015895764619653422,0.48023878139151915,0.561283422459893,34.1,0.0069891628710538715,1.8150269858396293,0.6285357644519931,0.09656109308711859
31120.0,38.92038650191571,-77.02567018794471,003500,0.012700872465126262,0.47217642209398186,0.295099281791297,24.7,0.004057368573978918,2.6652311069667003,0.587934016589689,0.12164451654896916
31121.0,38.923581746047475,-77.05004948671483,000501,0.003555441165053087,0.49925216871073885,0.7680330473466794,36.7,0.0025791040458431756,1.700205476149904,0.2727416647419327,0.15742757618699016
31122.0,38.92888641846409,-77.03624569013193,002802,0.022042177486765114,0.468694449930871,0.44840370751802267,32.0,0.011201762329339648,2.1449649298540345,0.42147638224727185,0.08223855978098663
31123.0,38.925285571337554,-77.0323700497676,003702,0.02106548873941706,0.34511517077045273,0.3031161473087819,28.7,0.011653783087374091,1.9010845179771476,0.5428609832264424,0.14432114586352796
31124.0,38.92857573162225,-77.03222949940381,003000,0.019991834254353483,0.47637140821657564,0.46648793565683644,30.4,0.007600789988416035,1.9143950994679075,0.3840337840056919,0.10711350102131734
31125.0,38.91901671997758,-77.03445110712005,004300,0.01712759934768097,0.4203256043413912,0.7767349260523322,34.2,0.010088975639433192,2.515273963689735,0.769739386676089,0.2210734493530062
31126.0,38.925629800859696,-77.0271073041787,003600,0.015895764619653422,0.48023878139151915,0.561283422459893,34.1,0.0069891628710538715,1.8150269858396293,0.5105869189071347,0.10572667378866649
31127.0,38.89893583411996,-77.04884527092898,010800,0.009599746062456543,0.43756888678948197,0.7341813976540559,19.9,0.0017715166722089544,2.0207762373463063,0.4002229766125071,0.18448433059363795
31128.0,38.90530247372967,-77.05026424977697,005501,0.010318727276038095,0.6458823529411765,0.974294670846395,31.7,0.008315680216571876,1.9300963557419943,0.408437587814885,0.24022949145804579
31129.0,38.89645944158802,-77.03337786201433,005802,0.0026359437821617377,0.546414674819344,0.790946992257296,44.4,0.0023912508351795194,1.7917441479971452,0.6672443272887577,0.14806649149152107
31130.0,38.91417965980706,-77.02171073369442,004801,0.009892126019002466,0.5535372848948374,0.5733200926845415,32.1,0.00436602757690198,2.4240867153090444,0.5564773415915524,0.12326901641405914
31131.0,38.934386013765824,-77.0326918336049,002900,0.014802150137044626,0.49842696629213484,0.5358345358345359,31.2,0.0056447750073179166,1.5569921002486886,0.21429715096115748,0.14989819439247276
31132.0,38.916919390328445,-77.02963114437523,004402,0.0091611888799109,0.4918553833929281,0.6138424821002386,34.6,0.003970940432253791,2.462944703987125,0.8099315265843976,0.10425027254432047
31133.0,38.918047437922496,-77.04547024439049,004001,0.017654416186719896,0.5377220480668756,0.8923010380622838,33.2,0.008921291189025852,1.8081392257242488,0.5019666369424781,0.1340545360955292
31134.0,38.917725847249805,-77.02268696329394,003500,0.012700872465126262,0.47217642209398186,0.295099281791297,24.7,0.004057368573978918,2.6652311069667003,0.5630498947890358,0.1430892693472347
31135.0,38.92610552646537,-77.03665329644112,003802,0.015546417228963346,0.5641105246817758,0.6658300466116888,34.5,0.009035359532014712,2.4560259444173753,0.5523358653087815,0.0730422920302024
31136.0,38.92231086043954,-77.02708681972658,003600,0.015895764619653422,0.48023878139151915,0.561283422459893,34.1,0.0069891628710538715,1.8150269858396293,0.5474441368816579,0.12710398711427567
31137.0,38.93714298864939,-77.01911838605216,002302,0.0008075889491596898,0.5597290640394089,0.3951822916666667,46.9,0.0005345801233661739,0.8807632761137902,0.3989134835291186,0.1664831225541026
31138.0,38.921225884333396,-77.01813674798672,003400,0.005501076297536474,0.37834064619066615,0.37692823608316567,23.6,0.0013988576544393708,1.9425792290653319,0.28174805589631313,0.25649057325472535
31200.0,38.91010363973894,-77.04439365496516,005502,0.010553039768883653,0.4894419306184012,0.8604559748427673,35.0,0.006705079943653453,2.6044056633589037,0.5752473306907686,0.07385328010190209
31201.0,38.909804877520244,-77.03442437746818,005202,0.011340197813976905,0.543859649122807,0.8912962271199103,35.7,0.008412778328163319,2.3843691276544683,0.9414682605689362,0.15687207893577712
31202.0,38.91303953656649,-77.03199014849423,005202,0.011340197813976905,0.543859649122807,0.8912962271199103,35.7,0.008412778328163319,2.3843691276544683,0.9978144702321399,0.21298982860390847
31203.0,38.908597241950254,-77.03230521171317,005203,0.032584377910275214,0.392904073587385,0.5495185694635488,36.2,0.02706087626714052,1.891087583582326,0.9343743494803292,0.10903022438049423
31204.0,38.89629504480677,-77.044991923867,010800,0.009599746062456543,0.43756888678948197,0.7341813976540559,19.9,0.0017715166722089544,2.0207762373463063,0.3331282298841358,0.1784965654207987
31205.0,38.90071249690663,-77.04644025312639,010800,0.009599746062456543,0.43756888678948197,0.7341813976540559,19.9,0.0017715166722089544,2.0207762373463063,0.48078927190036186,0.13254457282020038
31206.0,38.8951974092559,-77.04361184029038,010800,0.009599746062456543,0.43756888678948197,0.7341813976540559,19.9,0.0017715166722089544,2.0207762373463063,0.38884637890509854,0.12398229820933022
31207.0,38.92484890954602,-77.02225126518023,003400,0.005501076297536474,0.37834064619066615,0.37692823608316567,23.6,0.0013988576544393708,1.9425792290653319,0.3772597522533217,0.1855388804320855
31208.0,38.8763076434671,-77.00369840806759,007201,0.0018849405661475935,0.5594025797691785,0.790454884414616,34.2,0.0015125592323058082,1.838150409184653,0.4429474516239923,0.1950940667034388
31209.0,38.87423892466538,-77.00578921501837,007201,0.0018849405661475935,0.5594025797691785,0.790454884414616,34.2,0.0015125592323058082,1.838150409184653,0.36897215935567007,0.34112670370644177
31211.0,38.897295397844175,-77.05556292801914,980000,1.9956317156844987e-06,1.0,1.0,,4.60530395927192e-07,1.5852178584842582,0.2916085610875553,0.2921332300863556
31212.0,38.90571399168532,-77.04730806932358,005501,0.010318727276038095,0.6458823529411765,0.974294670846395,31.7,0.008315680216571876,1.9300963557419943,0.5230713998811681,0.10079399688646398
31213.0,38.90275292967606,-77.03862140688891,010700,0.00198746506233821,0.4887133182844244,0.7933059307105108,32.4,0.001529854596517674,1.4102079047824059,0.7417946490578459,0.11607542364823864
31214.0,38.91209686768013,-77.03869065228821,005302,0.02174522888596081,0.5289288506645817,0.8023070803500397,32.7,0.014544990861563311,1.9821871973620933,0.8595450660286255,0.24549869605795935
31215.0,38.90231302022461,-77.05913698791281,000102,0.0019443487310751228,0.5018083182640145,0.896530165676774,54.6,0.0011678984391298131,2.7149391963327445,0.24343582674019093,0.3687169514421654
31216.0,38.89962846946387,-77.03168631655011,010100,0.004787390155896621,0.45293905517490085,0.6910197869101978,34.6,0.0032266975122144915,1.4225786410350807,0.8473333461239752,0.1139990491905742
31217.0,38.88628347825023,-77.02824231415578,010202,0.001596104271332116,0.37375512595196253,0.6131736526946108,35.9,0.0008751925002734977,2.060835397491518,0.25988659363317135,0.12599179256582171
31218.0,38.88626628671123,-77.02224416181107,010202,0.001596104271332116,0.37375512595196253,0.6131736526946108,35.9,0.0008751925002734977,2.060835397491518,0.3214052436849527,0.1272201151937562
31219.0,38.893023631779805,-77.0260108552496,980000,1.9956317156844987e-06,1.0,1.0,,4.60530395927192e-07,1.5852178584842582,0.6673275000310374,0.06206972980686707
31220.0,38.89489880035173,-77.04658464729286,980000,1.9956317156844987e-06,1.0,1.0,,4.60530395927192e-07,1.5852178584842582,0.265468869137158,0.11690061599780918
31221.0,38.905058369828446,-77.04177147553045,010700,0.00198746506233821,0.4887133182844244,0.7933059307105108,32.4,0.001529854596517674,1.4102079047824059,0.6799901740155234,0.16242951261505967
31222.0,38.89902630880778,-77.03334957378985,010100,0.004787390155896621,0.45293905517490085,0.6910197869101978,34.6,0.0032266975122144915,1.4225786410350807,0.7785545714915361,0.13100411494126657
31223.0,38.905731396006765,-77.02226599585084,004902,0.013388712250690658,0.4656099632040759,0.5617469879518072,33.0,0.007132056738126186,2.562697512773273,0.7439082435057227,0.11700006354552313
31224.0,38.90373559304409,-77.04245007830573,010700,0.00198746506233821,0.4887133182844244,0.7933059307105108,32.4,0.001529854596517674,1.4102079047824059,0.5985241504120721,0.16580894838435462
31225.0,38.90374533891933,-77.06269201584489,000102,0.0019443487310751228,0.5018083182640145,0.896530165676774,54.6,0.0011678984391298131,2.7149391963327445,0.1793099949941251,0.2210644408435038
31226.0,38.916456597954735,-77.06820372782374,000102,0.0019443487310751228,0.5018083182640145,0.896530165676774,54.6,0.0011678984391298131,2.7149391963327445,0.04812497179667238,0.12885361133182513
31227.0,38.90028187085941,-77.02983676985815,010100,0.004787390155896621,0.45293905517490085,0.6910197869101978,34.6,0.0032266975122144915,1.4225786410350807,0.8535232046839836,0.07988285532032216
31228.0,38.89969735033913,-77.02308063924052,005802,0.0026359437821617377,0.546414674819344,0.790946992257296,44.4,0.0023912508351795194,1.7917441479971452,0.7855411541239096,0.09678739064944124
31229.0,38.91554751282144,-77.038253161158,004201,0.01893130069574486,0.5263429752066116,0.9024581589958159,31.0,0.010673303052378881,1.9109934962798305,0.750677901530998,0.18992418988148374
31230.0,38.89833935309558,-77.02790449197009,005802,0.0026359437821617377,0.546414674819344,0.790946992257296,44.4,0.0023912508351795194,1.7917441479971452,0.7961920278388199,0.1144357533342348
31231.0,38.89451602992267,-77.03161810495736,980000,1.9956317156844987e-06,1.0,1.0,,4.60530395927192e-07,1.5852178584842582,0.6003335262019819,0.10261506922589361
31232.0,38.89728988132507,-77.02219575785487,005802,0.0026359437821617377,0.546414674819344,0.790946992257296,44.4,0.0023912508351795194,1.7917441479971452,0.7113854662454195,0.09217785490034479
31233.0,38.902067345947465,-77.03833688501193,010700,0.00198746506233821,0.4887133182844244,0.7933059307105108,32.4,0.001529854596517674,1.4102079047824059,0.7205269758638676,0.10628521407302645
31234.0,38.908895997159775,-77.04479339402678,005502,0.010553039768883653,0.4894419306184012,0.8604559748427673,35.0,0.006705079943653453,2.6044056633589037,0.5577416618776749,0.06515391779086495
31235.0,38.89228465273595,-77.04346807821075,980000,1.9956317156844987e-06,1.0,1.0,,4.60530395927192e-07,1.5852178584842582,0.27851728266043774,0.10993826483004224
31236.0,38.90775673702247,-77.0716477663349,000201,0.007865284235372394,0.42270896273917424,0.6639059577878706,19.9,0.0,1.3651109575671487,0.1148007819562412,0.2419101387745694
31237.0,38.90382730205644,-77.05348339264359,005503,0.010574768676935192,0.4454787234042553,0.8399822695035462,35.6,0.007818578968585062,1.546299263621647,0.3770372160108808,0.13403350042042855
31238.0,38.89822741075361,-77.03202211197008,005802,0.0026359437821617377,0.546414674819344,0.790946992257296,44.4,0.0023912508351795194,1.7917441479971452,0.7637225669336501,0.09416436945697168
31239.0,38.90599091629377,-77.03982307685419,010700,0.00198746506233821,0.4887133182844244,0.7933059307105108,32.4,0.001529854596517674,1.4102079047824059,0.7373674593787468,0.18587308840023323
31240.0,38.88411625123644,-77.04656540959928,980000,1.9956317156844987e-06,1.0,1.0,,4.60530395927192e-07,1.5852178584842582,0.0,0.935128089820385
31241.0,38.90589787191688,-77.03250245879458,005203,0.032584377910275214,0.392904073587385,0.5495185694635488,36.2,0.02706087626714052,1.891087583582326,0.8660224884894006,0.2080370576793092
31242.0,38.899670967577435,-77.04154811228406,010700,0.00198746506233821,0.4887133182844244,0.7933059307105108,32.4,0.001529854596517674,1.4102079047824059,0.6430957646462299,0.10123026778275108
31243.0,38.88637203013974,-77.01768960012814,010202,0.001596104271332116,0.37375512595196253,0.6131736526946108,35.9,0.0008751925002734977,2.060835397491518,0.3327792370890993,0.18162633408326712
31244.0,38.88411297931698,-77.01745507773707,010500,0.005236761075943037,0.5131143366437484,0.62445295404814,35.2,0.0030231060247422627,2.1362757281849234,0.37131316190686325,0.18220257205261092
31245.0,38.912718479331645,-77.02219493774591,004901,0.012859276261099218,0.5240274599542334,0.5770682148040639,31.3,0.007117476992341816,2.780653193066044,0.595069956855071,0.05880808455236268
31246.0,38.905126408271265,-77.05688594884195,000102,0.0019443487310751228,0.5018083182640145,0.896530165676774,54.6,0.0011678984391298131,2.7149391963327445,0.2871182125437867,0.16615246302554781
31247.0,38.888553531443456,-77.03242710604673,980000,1.9956317156844987e-06,1.0,1.0,,4.60530395927192e-07,1.5852178584842582,0.2413780689491963,0.11982090096580696
31248.0,38.88877453375319,-77.02869357102523,980000,1.9956317156844987e-06,1.0,1.0,,4.60530395927192e-07,1.5852178584842582,0.3162016695305868,0.2211804542772143
31249.0,38.87981898615455,-77.03741435690901,980000,1.9956317156844987e-06,1.0,1.0,,4.60530395927192e-07,1.5852178584842582,0.013919186784893536,0.9913709266360415
31250.0,38.9035688233544,-77.04480799719185,010700,0.00198746506233821,0.4887133182844244,0.7933059307105108,32.4,0.001529854596517674,1.4102079047824059,0.6022746988402968,0.13372101807770018
31251.0,38.90381375041044,-77.0284036652073,010100,0.004787390155896621,0.45293905517490085,0.6910197869101978,34.6,0.0032266975122144915,1.4225786410350807,0.9222925837972847,0.15865603103297737
31252.0,38.90153456111024,-77.0465780400198,010700,0.00198746506233821,0.4887133182844244,0.7933059307105108,32.4,0.001529854596517674,1.4102079047824059,0.4882921625804672,0.08837488419029824
31253.0,38.902193952531476,-77.043389155682,010700,0.00198746506233821,0.4887133182844244,0.7933059307105108,32.4,0.001529854596517674,1.4102079047824059,0.608805832693251,0.08482046798146806
31254.0,38.90200192754202,-77.03354131242517,010100,0.004787390155896621,0.45293905517490085,0.6910197869101978,34.6,0.0032266975122144915,1.4225786410350807,0.8607533764452261,0.08274545563627354
31255.0,38.906599574514175,-77.05149795454744,005503,0.010574768676935192,0.4454787234042553,0.8399822695035462,35.6,0.007818578968585062,1.546299263621647,0.34967658405043545,0.3619343096586549
31256.0,38.89591529152593,-77.02604806265825,005802,0.0026359437821617377,0.546414674819344,0.790946992257296,44.4,0.0023912508351795194,1.7917441479971452,0.7178594087058313,0.09618383161523827
31257.0,38.90089011704581,-77.04889805872246,010800,0.009599746062456543,0.43756888678948197,0.7341813976540559,19.9,0.0017715166722089544,2.0207762373463063,0.454375882276184,0.14207109405371385
31258.0,38.88825556742841,-77.0494360378362,980000,1.9956317156844987e-06,1.0,1.0,,4.60530395927192e-07,1.5852178584842582,0.09372804559340166,0.5191282338993529
31259.0,38.894724533386324,-77.0451281161235,010800,0.009599746062456543,0.43756888678948197,0.7341813976540559,19.9,0.0017715166722089544,2.0207762373463063,0.265468869137158,0.13398190061748955
31260.0,38.89610485969034,-77.04986699474202,010800,0.009599746062456543,0.43756888678948197,0.7341813976540559,19.9,0.0017715166722089544,2.0207762373463063,0.3101390343530169,0.11915606076792581
31261.0,38.89247945210833,-77.04653477549073,980000,1.9956317156844987e-06,1.0,1.0,,4.60530395927192e-07,1.5852178584842582,0.2282265012405331,0.13515931588688312
31262.0,38.897838279021926,-77.0269995392053,005802,0.0026359437821617377,0.546414674819344,0.790946992257296,44.4,0.0023912508351795194,1.7917441479971452,0.766825318300068,0.07926563156389152
31263.0,38.902412241564924,-77.02622381440469,010100,0.004787390155896621,0.45293905517490085,0.6910197869101978,34.6,0.0032266975122144915,1.4225786410350807,0.9325269581975539,0.10005771337239718
31264.0,38.89457296646962,-77.01994359651347,005801,0.008551154534644625,0.3865461847389558,0.6900974858902001,46.0,0.006181557494923825,1.6200350534241381,0.5789857914422459,0.20051604389397348
31265.0,38.9009284043066,-77.0186785496869,005900,0.003795991545079152,0.5354944604021338,0.6749683410721824,28.8,0.002281956345318407,1.8221843880522148,0.7041955859150095,0.11891111418127784
31266.0,38.90558077377272,-77.0273134882147,005004,0.0287448657408701,0.6014580801944107,0.5163234555499749,31.3,0.01580094442426444,1.7024808791504877,0.8616241896406165,0.11946462095360796
31267.0,38.90814276619141,-77.03836604357359,005303,0.016134479673399735,0.4296731546088873,0.8051203668322506,35.1,0.012988167258205003,2.0545701794925746,0.8302484186876335,0.213194998618181
31268.0,38.91678525446091,-77.02813598322538,004402,0.0091611888799109,0.4918553833929281,0.6138424821002386,34.6,0.003970940432253791,2.462944703987125,0.7963028928486965,0.10055091771724234
31269.0,38.88737476509522,-77.0019577551072,006600,0.0069646088456844675,0.49244712990936557,0.95,40.2,0.0039346883810966625,2.1837000967325007,0.6874152231068534,0.19057588708198467
31270.0,38.8948469657203,-77.02323772104802,005802,0.0026359437821617377,0.546414674819344,0.790946992257296,44.4,0.0023912508351795194,1.7917441479971452,0.6922206247524008,0.16063218814895852
31271.0,38.892274649483454,-77.01391494113649,005900,0.003795991545079152,0.5354944604021338,0.6749683410721824,28.8,0.002281956345318407,1.8221843880522148,0.4072102987288392,0.14416058746719032
31272.0,38.88698099815734,-77.01376847861512,010500,0.005236761075943037,0.5131143366437484,0.62445295404814,35.2,0.0030231060247422627,2.1362757281849234,0.3261006479461379,0.2109273122556598
31273.0,38.87843417402707,-77.03023180513254,980000,1.9956317156844987e-06,1.0,1.0,,4.60530395927192e-07,1.5852178584842582,0.10131730815955965,0.6560371594922653
31274.0,38.898251432575,-77.02623315457485,005802,0.0026359437821617377,0.546414674819344,0.790946992257296,44.4,0.0023912508351795194,1.7917441479971452,0.789205316013403,0.12646045717076282
31275.0,38.90175045140232,-77.05108299971216,005601,0.012886584029917597,0.5142378559463987,0.7849512308406874,29.1,0.01130004479005337,2.238443805167728,0.43325959217707927,0.1613995692107251
31276.0,38.90366486787554,-77.03491719648974,010100,0.004787390155896621,0.45293905517490085,0.6910197869101978,34.6,0.0032266975122144915,1.4225786410350807,0.908569802022803,0.14603374333778468
31277.0,38.89829353296831,-77.0397292178897,010800,0.009599746062456543,0.43756888678948197,0.7341813976540559,19.9,0.0017715166722089544,2.0207762373463063,0.6122038539546267,0.2030562681068619
31278.0,38.912645921589174,-77.04183865373281,004202,0.01252612619554434,0.5520953479430988,0.8323301805674979,32.5,0.007493522629860435,2.3496406525869866,0.714272668965496,0.2956877913207444
31279.0,38.89840527415671,-77.04319310889774,010800,0.009599746062456543,0.43756888678948197,0.7341813976540559,19.9,0.0017715166722089544,2.0207762373463063,0.5446210825120748,0.1257862105388178
31280.0,38.91375425093556,-77.02703326125419,004901,0.012859276261099218,0.5240274599542334,0.5770682148040639,31.3,0.007117476992341816,2.780653193066044,0.85207939813883,0.1511986718720339
31281.0,38.9086378221064,-77.02277559316016,004901,0.012859276261099218,0.5240274599542334,0.5770682148040639,31.3,0.007117476992341816,2.780653193066044,0.6763391836766239,0.1391097740127085
31282.0,38.91265371348936,-77.03627741273613,005202,0.011340197813976905,0.543859649122807,0.8912962271199103,35.7,0.008412778328163319,2.3843691276544683,0.8841299755065887,0.1390487891539902
31283.0,38.903663522883306,-77.03173678908396,010100,0.004787390155896621,0.45293905517490085,0.6910197869101978,34.6,0.0032266975122144915,1.4225786410350807,0.9255291913080812,0.09002723189580675
31284.0,38.89351256809323,-77.04154264183816,010800,0.009599746062456543,0.43756888678948197,0.7341813976540559,19.9,0.0017715166722089544,2.0207762373463063,0.3655118173623999,0.09156352405163547
31285.0,38.90939065494397,-77.04872667675664,005502,0.010553039768883653,0.4894419306184012,0.8604559748427673,35.0,0.006705079943653453,2.6044056633589037,0.36147484229682414,0.14281670721780124
31286.0,38.90842581241516,-77.02713524758823,005004,0.0287448657408701,0.6014580801944107,0.5163234555499749,31.3,0.01580094442426444,1.7024808791504877,0.8143095611650247,0.13973114645040022
31287.0,38.884326182913696,-77.02600430137583,010202,0.001596104271332116,0.37375512595196253,0.6131736526946108,35.9,0.0008751925002734977,2.060835397491518,0.26229639687396,0.18930415230176584
31288.0,38.89049557282527,-77.01724737385209,980000,1.9956317156844987e-06,1.0,1.0,,4.60530395927192e-07,1.5852178584842582,0.3630795296273923,0.1587175559252218
31289.0,38.89053890851539,-77.0493823888753,980000,1.9956317156844987e-06,1.0,1.0,,4.60530395927192e-07,1.5852178584842582,0.18279669959412098,0.2760901333020535
31290.0,38.8880979369634,-77.03832604185493,980000,1.9956317156844987e-06,1.0,1.0,,4.60530395927192e-07,1.5852178584842582,0.12626564659556547,0.5195621581499431
31291.0,38.90113964741169,-77.03445219991144,010100,0.004787390155896621,0.45293905517490085,0.6910197869101978,34.6,0.0032266975122144915,1.4225786410350807,0.8646006617516353,0.11431650324461942
31292.0,38.89243997381709,-77.04894570572283,980000,1.9956317156844987e-06,1.0,1.0,,4.60530395927192e-07,1.5852178584842582,0.24069986987801217,0.13899859377207502
31293.0,38.90282450429969,-77.06015951291698,000102,0.0019443487310751228,0.5018083182640145,0.896530165676774,54.6,0.0011678984391298131,2.7149391963327445,0.2240477214111052,0.31723932397566795
31294.0,38.88345070735225,-77.02173791577782,010202,0.001596104271332116,0.37375512595196253,0.6131736526946108,35.9,0.0008751925002734977,2.060835397491518,0.28082512055191844,0.08331396042954693
31295.0,38.90548672405775,-77.06522477756855,000202,0.006008229922659334,0.4407288317256163,0.8723025583982202,37.8,0.0024238989741575275,2.4280843724560617,0.1534862951047558,0.15325628316935083
31296.0,38.924089337099254,-77.04076930140435,003901,0.02121525908130721,0.4021866458414682,0.6743119266055045,38.2,0.01495257424512281,2.0410131942162537,0.5182971793015458,0.17395320855236154
31297.0,38.89873676187361,-77.0533418744693,005602,0.015276553890255987,0.4279559597893729,0.7349121466768526,26.7,0.0068704271804191,2.365866178840805,0.35503102207060816,0.15264205984797324
31298.0,38.90541780677491,-77.03465400796364,010100,0.004787390155896621,0.45293905517490085,0.6910197869101978,34.6,0.0032266975122144915,1.4225786410350807,0.9373992956851797,0.23664748225426058
31299.0,38.91264237503544,-77.0456381274904,005502,0.010553039768883653,0.4894419306184012,0.8604559748427673,35.0,0.006705079943653453,2.6044056633589037,0.42747630885308996,0.12119394016281382
31300.0,38.94455013404798,-77.0638944662583,001200,0.004211764397098435,0.475365141187926,0.8021312160468032,41.7,0.002115314582301239,1.775440248231874,0.16263596015136791,0.11634732326999113
31301.0,38.938739234832816,-77.0871774811272,000903,0.004470418629006973,0.4372137864545674,0.8344221105527638,19.5,0.0003835789423780386,1.349478985089709,0.04900652042450958,0.12802441426769812
31302.0,38.93489422702165,-77.0727569526808,001002,0.003921449621342397,0.4445399828030954,0.8377125193199382,30.8,0.002453575386469032,2.049381239340727,0.0840508900292564,0.17234664682650594
31303.0,38.947600065702225,-77.0793716188467,001100,0.0028521158262010556,0.4247176913425345,0.7533304684142673,47.7,0.0013145259893239496,1.8526767002622169,0.06061830150193712,0.08006063352606932
31304.0,38.922581803007134,-77.0703286771152,000400,0.0009609152117225168,0.37812288993923027,0.7160751565762005,49.8,0.00047040076198435153,1.7441172685654358,0.08482687953204623,0.274864109410142
31305.0,38.93370012116089,-77.05758753362313,000600,0.0034275053489751122,0.41460946985026303,0.8355704697986577,45.0,0.0014918178886372858,1.9576371639282582,0.20489286591241976,0.17726862363659776
31306.0,38.92264204066986,-77.07724955120456,000702,0.009615913673628575,0.41433860652978793,0.8057790782735919,34.6,0.007518602310279092,1.6112507601146417,0.07196532402788938,0.1765969907672361
31307.0,38.930296525758244,-77.0556059420904,000502,0.006156417721540755,0.42793296089385474,0.8743202416918429,39.0,0.0029870663637755006,1.88173786241523,0.20831996183179818,0.12807003305805095
31308.0,38.94383812112573,-77.07707660197367,001200,0.004211764397098435,0.475365141187926,0.8021312160468032,41.7,0.002115314582301239,1.775440248231874,0.1291623833794404,0.08549498599342774
31309.0,38.95480977374693,-77.08242420907817,001100,0.0028521158262010556,0.4247176913425345,0.7533304684142673,47.7,0.0013145259893239496,1.8526767002622169,0.067897564959942,0.2168000076620394
31310.0,38.95502130032293,-77.06996969477335,001100,0.0028521158262010556,0.4247176913425345,0.7533304684142673,47.7,0.0013145259893239496,1.8526767002622169,0.012762459240971849,0.13045384889445555
31312.0,38.90848853959954,-77.06359373696341,000102,0.0019443487310751228,0.5018083182640145,0.896530165676774,54.6,0.0011678984391298131,2.7149391963327445,0.15676065747384238,0.11442521646453485
31313.0,38.941139840207846,-77.06197570358464,001200,0.004211764397098435,0.475365141187926,0.8021312160468032,41.7,0.002115314582301239,1.775440248231874,0.18626745063898995,0.14418466288573592
31314.0,38.90372742398525,-77.06753019654107,000202,0.006008229922659334,0.4407288317256163,0.8723025583982202,37.8,0.0024238989741575275,2.4280843724560617,0.13990167101542184,0.26062450332007686
31315.0,38.96454532179852,-77.07514067192456,001401,0.004620001395770814,0.48036253776435045,0.7012650948821162,39.0,0.0016850760377873225,0.7349643955244447,0.003339937382108265,0.06998755598481979
31316.0,38.94618391349041,-77.08057832247633,001004,0.003128556142466498,0.4477741585233442,0.8617312072892939,36.5,0.0011352480595139018,1.8267284719488015,0.06061830150193712,0.14665224520813328
31317.0,38.95826892175522,-77.08463397290511,001004,0.003128556142466498,0.4477741585233442,0.8617312072892939,36.5,0.0011352480595139018,1.8267284719488015,0.05019449864490533,0.12920148975508233
31318.0,38.947152018216585,-77.06511177284622,001303,0.0038591201925400834,0.34139236819108654,0.7114564290067033,33.8,0.0023842685489011118,1.7881477753692994,0.13189245607219185,0.17807434047911536
31319.0,38.94981534777347,-77.08021568263956,001100,0.0028521158262010556,0.4247176913425345,0.7533304684142673,47.7,0.0013145259893239496,1.8526767002622169,0.06061830150193712,0.1276135290909172
31320.0,38.93629620043158,-77.08713419084793,000803,0.008187491278682991,0.37098692033293695,0.7371007371007371,40.1,0.004851486112418182,1.3143966451481492,0.052479102485655314,0.09313942901661439
31321.0,38.89224495850177,-77.03323198677217,980000,1.9956317156844987e-06,1.0,1.0,,4.60530395927192e-07,1.5852178584842582,0.4511749848327121,0.1735126788309064
31322.0,38.91703740116235,-77.09576894702482,000804,0.0015381210923620678,0.46403242147923,0.8374004623683534,37.0,0.000527511641098845,1.478350417309952,0.0,0.09999045797975921
31323.0,38.92339173152702,-77.05183083777821,000501,0.003555441165053087,0.49925216871073885,0.7680330473466794,36.7,0.0025791040458431756,1.700205476149904,0.20928845356420636,0.0649605443106506
31324.0,38.91126959508372,-77.04182880471186,005303,0.016134479673399735,0.4296731546088873,0.8051203668322506,35.1,0.012988167258205003,2.0545701794925746,0.7353140778334798,0.2127110957994464
31325.0,38.91262938775529,-77.0743323096188,000300,0.006240902282477592,0.4575645756457565,0.9037372593431483,31.2,0.002468917830998592,1.9089962099939015,0.05966093727350669,0.13011737871369158
31326.0,38.90969403498114,-77.08563266830087,000802,0.0020650462932803974,0.49842271293375395,0.8571428571428571,39.0,0.0008865426730830958,1.8277511459443447,0.0,0.13782915079503671
31327.0,38.91068741952321,-77.0318851701391,005001,0.00998163895924247,0.5957128614157527,0.7558079504388229,37.1,0.005657588981385189,2.0672619953445572,1.0,0.1310834107473903
31328.0,38.89830274757307,-77.04691007458251,010800,0.009599746062456543,0.43756888678948197,0.7341813976540559,19.9,0.0017715166722089544,2.0207762373463063,0.40784360794632546,0.234226250236244
31329.0,38.895564834634484,-77.03791413184418,980000,1.9956317156844987e-06,1.0,1.0,,4.60530395927192e-07,1.5852178584842582,0.573366788231101,0.3575196016055188
31330.0,38.909856883519986,-77.0385569910315,005303,0.016134479673399735,0.4296731546088873,0.8051203668322506,35.1,0.012988167258205003,2.0545701794925746,0.8610741800298324,0.1214257648216818
31331.0,38.927292164767934,-77.10366297953587,000902,0.0012704152844027067,0.46922428330522764,0.9325343985796716,46.2,0.0004477517612818983,1.4001272881221414,0.0,0.08344399445907431
31332.0,38.91819447834138,-77.02713884547188,004401,0.014265173454302437,0.5633162975582056,0.6473331390265229,32.6,0.007116385508009478,2.1698365810707765,0.7343821686086837,0.18331787335820698
31333.0,38.93967571382542,-77.07527751535333,001002,0.003921449621342397,0.4445399828030954,0.8377125193199382,30.8,0.002453575386469032,2.049381239340727,0.10354658146424385,0.17440080389167884
31400.0,38.93670274645711,-77.02417052626606,002400,0.007298601026584808,0.49150455552819505,0.5351054608494654,40.5,0.0025808399591666547,1.9330016008089042,0.4791106646042679,0.04798844849279238
31401.0,38.937493451441924,-77.03281312904365,002504,0.012405323991646375,0.5570209464701319,0.44241573033707865,36.3,0.004311547826421704,1.5969728321298513,0.2151030138209979,0.12022470442918505
31402.0,38.94774776996008,-77.03283165606288,002501,0.006241489714054392,0.5831367924528302,0.3104814137720902,34.8,0.0018879034335553674,1.8566373495518698,0.20723997667150762,0.13433279503487244
31403.0,38.956571617366905,-77.01980773395428,002102,0.007723406453390268,0.4376672017121455,0.1441740412979351,39.1,0.0032631977685182,1.73443862720065,0.154614365944674,0.04268923870258161
31404.0,38.941779004483706,-77.02509723315264,002400,0.007298601026584808,0.49150455552819505,0.5351054608494654,40.5,0.0025808399591666547,1.9330016008089042,0.4411136664013444,0.08040163815332732
31405.0,38.94966472369668,-77.02734207187994,002002,0.005227366914063972,0.48896396396396397,0.34205889755852004,36.4,0.0018072090570018461,1.7711978653071938,0.2938757053942549,0.11509440574636787
31406.0,38.94248326636115,-77.03267720380936,002501,0.006241489714054392,0.5831367924528302,0.3104814137720902,34.8,0.0018879034335553674,1.8566373495518698,0.22559505739292066,0.18948886689136862
31407.0,38.956425105477855,-77.0329518572261,002002,0.005227366914063972,0.48896396396396397,0.34205889755852004,36.4,0.0018072090570018461,1.7711978653071938,0.13921946776512567,0.062441758205801466
31408.0,38.97522081196192,-77.01685879484452,001702,0.0039039918236549753,0.4134169620943551,0.4691742081447964,40.3,0.0018183850653947908,2.37980536953645,0.19496379677300124,0.08497148768279639
31411.0,38.96134756183523,-77.02785430043267,001901,0.005485477782515105,0.4883886255924171,0.2654554630330558,38.0,0.0021577945779561788,1.950059906415118,0.1579917325459093,0.1909002532348952
31412.0,38.95746297083333,-77.00224441,009505,0.0037814263923624286,0.4663424622472485,0.11553133514986376,35.4,0.0016802037924599886,2.3162505442031915,0.0513443961745047,0.15700619293665846
31413.0,38.96887211253197,-77.01626582672634,001902,0.0028039108857850835,0.47317073170731705,0.28773584905660377,44.1,0.0009312175584091111,2.166788101549788,0.2286769460151558,0.38129793737560547
31414.0,38.967517536322994,-77.02796256747695,001804,0.009643459547490258,0.3896260554885404,0.08379291940935776,40.2,0.003335244410100456,2.212623391174041,0.23995856693537018,0.16405750150269735
31415.0,38.95672742836947,-77.0278986581841,002101,0.009472671849209307,0.5013174073423503,0.15391621129326047,37.7,0.003926840956285608,1.928141416368836,0.13448594019124394,0.08053709711527537
31416.0,38.969489280535505,-77.03349411672683,001803,0.0036619205149394213,0.5159817351598174,0.12904021712311867,35.9,0.0015533020208767312,1.96494514092901,0.20776885617651553,0.11347379172847541
31417.0,38.947987960891,-77.02151324766636,002201,0.008567512819956982,0.5105425920719707,0.3358208955223881,39.0,0.002372504955765428,0.7546116860238014,0.29864056641548503,0.11142938153404143
31418.0,38.95160285291332,-77.01280725185536,002202,0.004611565399666616,0.4902264970524356,0.24355751099937145,29.9,0.0019430672704769671,1.3830814753635432,0.15568549638781295,0.14182345691517734
31419.0,38.932121014860535,-77.02349342150586,003200,0.011611215170261358,0.49894251105556625,0.2767962308598351,32.6,0.004255138649205566,1.5739766388814527,0.3801752311908547,0.10950815053511276
31420.0,38.942161975018365,-77.03867707274064,002600,0.0013038007739239845,0.48980335032774946,0.40613171839515516,40.0,0.00043064359138712816,1.0049413620537644,0.12482916217990299,0.2501198113913353
31421.0,38.94203781340381,-77.0182228975076,002301,0.008435558368225982,0.4181448095376563,0.26694787586622476,39.3,0.003078402370492471,0.8275016742738249,0.3408201821813576,0.07908352889015063
31422.0,38.96577970359954,-77.06862859917881,001401,0.004620001395770814,0.48036253776435045,0.7012650948821162,39.0,0.0016850760377873225,0.7349643955244447,0.0,0.11250419454503406
31423.0,38.9580649729652,-77.01378825266033,002102,0.007723406453390268,0.4376672017121455,0.1441740412979351,39.1,0.0032631977685182,1.73443862720065,0.15954011173985191,0.27637497368387204
31424.0,38.95371596063202,-77.02561819812792,002101,0.009472671849209307,0.5013174073423503,0.15391621129326047,37.7,0.003926840956285608,1.928141416368836,0.21194722816208897,0.24561296015575335
31500.0,38.919073986750625,-77.00064572596091,008702,0.007008476370805759,0.40921091229099443,0.45780130800373714,32.0,0.003862988295906137,2.6188623505799344,0.22894303534311453,0.07013922170844242
31501.0,38.933684416666665,-76.99102729079442,009301,0.003336966939592874,0.5303971899486625,0.552046783625731,41.7,0.0013037703849368538,1.5739688179638447,0.11145885552618826,0.0942239426817207
31502.0,38.93461046202084,-76.99550254168875,009511,0.002996658642218973,0.4336734693877551,0.7933884297520661,19.9,0.0,0.6106788364872647,0.1486654711023083,0.18525656847254163
31503.0,38.91259452882711,-77.01349300957993,004600,0.007244720201544504,0.4610287156831808,0.4938151041666667,34.2,0.0033468824156078114,2.1246280779046383,0.31408522191328325,0.1103545168778302
31504.0,38.93246003107124,-76.9935132947895,009301,0.003336966939592874,0.5303971899486625,0.552046783625731,41.7,0.0013037703849368538,1.5739688179638447,0.19348715373258277,0.10178586984653351
31505.0,38.91096883326597,-77.004949605757,008701,0.0071546907908833874,0.4981738495252009,0.43308823529411766,33.9,0.0029083896458192877,1.75427579509458,0.4435076277806631,0.2098174709730793
31506.0,38.915411940436044,-77.01228155476323,003302,0.010747318066755778,0.4387243735763098,0.47297297297297297,32.7,0.0045584296674941365,1.3006309577526074,0.29360178281979477,0.1567291667320923
31507.0,38.92874745938628,-77.01243622236548,002302,0.0008075889491596898,0.5597290640394089,0.3951822916666667,46.9,0.0005345801233661739,0.8807632761137902,0.24038750126885294,0.19614244468043837
31508.0,38.905089141494436,-76.99413233518814,008803,0.002889683589918291,0.5933056872037915,0.27085285848172447,28.6,0.000977493678817147,2.469748716431426,0.617747822259023,0.12248177142144481
31509.0,38.91266693415124,-77.01765758536861,004801,0.009892126019002466,0.5535372848948374,0.5733200926845415,32.1,0.00436602757690198,2.4240867153090444,0.3512771205205348,0.06742279111561514
31510.0,38.927071044863986,-76.97893586601705,011100,0.0009140200391942704,0.5349148651233977,0.16494410461927864,40.2,0.00031335831456593316,2.3823314909440807,0.03531301286699185,0.12517760703843334
31511.0,38.928649498812916,-76.9909496667458,009301,0.003336966939592874,0.5303971899486625,0.552046783625731,41.7,0.0013037703849368538,1.5739688179638447,0.1558234371243928,0.1361525158483863
31512.0,38.903733295042734,-76.9872121802849,008802,0.009594987387372007,0.5647241992882562,0.2579703637180063,35.1,0.003928908314090717,1.8686059579743544,0.4164934438436971,0.19865989222089633
31513.0,38.9181527614541,-77.00474451081568,008701,0.0071546907908833874,0.4981738495252009,0.43308823529411766,33.9,0.0029083896458192877,1.75427579509458,0.21113627364045845,0.1418306132648979
31514.0,38.92749594404847,-76.9971945016631,009201,0.005195456833407168,0.4633251833740831,0.5835509138381201,28.4,0.0020975545467392634,2.301770465818166,0.2453076128103191,0.16173632729132592
31515.0,38.95237046856146,-77.00271445230015,009508,0.004258936700020369,0.3645680819912152,0.07239703248912766,39.7,0.0018291187389057712,2.181527116186903,0.02478176221596719,0.03717454113934497
31516.0,38.920676732075265,-76.9958679103763,009102,0.002600359965137668,0.4573364387042134,0.15423111919927207,33.2,0.0011396877255631956,2.772190745339369,0.19573343676583477,0.05808002954440529
31517.0,38.907910188611574,-76.99706707440892,008803,0.002889683589918291,0.5933056872037915,0.27085285848172447,28.6,0.000977493678817147,2.469748716431426,0.5663176424630593,0.29700451133604167
31518.0,38.91560037020045,-76.98367828950217,008803,0.002889683589918291,0.5933056872037915,0.27085285848172447,28.6,0.000977493678817147,2.469748716431426,0.13465772509308177,0.2480420587298935
31519.0,38.90864430091811,-77.01236561500986,004600,0.007244720201544504,0.4610287156831808,0.4938151041666667,34.2,0.0033468824156078114,2.1246280779046383,0.44763436156328396,0.32181976982272686
31520.0,38.91262990677638,-76.97192572035817,011100,0.0009140200391942704,0.5349148651233977,0.16494410461927864,40.2,0.00031335831456593316,2.3823314909440807,0.048354890810654604,0.36692471841777463
31521.0,38.93292772954743,-76.97951114208007,009400,0.003565647976286293,0.4622608079376329,0.22724785701258435,37.2,0.0011479061610404314,1.4871592120366484,0.02037659943798553,0.0679789925792913
31522.0,38.914742095574674,-77.00355798535999,008701,0.0071546907908833874,0.4981738495252009,0.43308823529411766,33.9,0.0029083896458192877,1.75427579509458,0.2663964300402729,0.15950157834022072
31523.0,38.91499035660487,-77.00779567559869,008701,0.0071546907908833874,0.4981738495252009,0.43308823529411766,33.9,0.0029083896458192877,1.75427579509458,0.24079183076541427,0.1933023388424658
31524.0,38.907434967397045,-76.98681673262055,008804,0.0035126186938662196,0.4332235638492499,0.13137852246763138,36.6,0.0020564178229732716,1.8552880276007875,0.3453577654991435,0.22153311283541335
31525.0,38.90629543597107,-76.98321601297597,008804,0.0035126186938662196,0.4332235638492499,0.13137852246763138,36.6,0.0020564178229732716,1.8552880276007875,0.2777809686304265,0.1942921393077691
31526.0,38.92429404404891,-76.98592282632147,009102,0.002600359965137668,0.4573364387042134,0.15423111919927207,33.2,0.0011396877255631956,2.772190745339369,0.08147537298675119,0.1302080409802719
31527.0,38.912537268692596,-77.00879409896166,008701,0.0071546907908833874,0.4981738495252009,0.43308823529411766,33.9,0.0029083896458192877,1.75427579509458,0.30004869429053294,0.08881809347229512
31528.0,38.938876315233784,-76.99722323604826,009511,0.002996658642218973,0.4336734693877551,0.7933884297520661,19.9,0.0,0.6106788364872647,0.08816837380721439,0.32224649566464186
31529.0,38.9241107909028,-77.00209944817249,009204,0.010584669249347575,0.40214395099540584,0.09959413050265377,29.0,0.004489974551407777,2.658009115813428,0.2601314012033613,0.23823023089098982
31530.0,38.91102086707101,-76.98582774804144,008803,0.002889683589918291,0.5933056872037915,0.27085285848172447,28.6,0.000977493678817147,2.469748716431426,0.18409025807960824,0.11123197219030115
31531.0,38.922389381093026,-76.9960273249622,009204,0.010584669249347575,0.40214395099540584,0.09959413050265377,29.0,0.004489974551407777,2.658009115813428,0.19471606727829083,0.1813822643109613
31532.0,38.90730283353293,-77.00071827174189,008803,0.002889683589918291,0.5933056872037915,0.27085285848172447,28.6,0.000977493678817147,2.469748716431426,0.6069454987125025,0.15129882800368136
31533.0,38.911222335452884,-77.00224847157799,008702,0.007008476370805759,0.40921091229099443,0.45780130800373714,32.0,0.003862988295906137,2.6188623505799344,0.39708999421086966,0.23992949392715332
31534.0,38.932231917457955,-76.99613997578066,009201,0.005195456833407168,0.4633251833740831,0.5835509138381201,28.4,0.0020975545467392634,2.301770465818166,0.22302768031405046,0.10465394703310063
31535.0,38.92248664293182,-76.99269399358829,009302,0.004281649889641623,0.5643623361144219,0.335742444152431,35.6,0.001832076651229252,2.2322190867044336,0.15922042437562803,0.20322006501841977
31536.0,38.90728549470222,-76.99916739491573,008803,0.002889683589918291,0.5933056872037915,0.27085285848172447,28.6,0.000977493678817147,2.469748716431426,0.6097461101888454,0.19595168579293315
31537.0,38.92165083333333,-76.95569858333333,009000,0.0026487022059905516,0.41878306878306876,0.10492845786963434,50.9,0.0016074399101963822,1.7218562523339305,0.08532390684009192,0.2026058353646945
31538.0,38.9251857,-76.964882,009000,0.0026487022059905516,0.41878306878306876,0.10492845786963434,50.9,0.0016074399101963822,1.7218562523339305,0.08532390684009192,0.10307096720347948
31539.0,38.921995966666664,-76.96070966666666,011100,0.0009140200391942704,0.5349148651233977,0.16494410461927864,40.2,0.00031335831456593316,2.3823314909440807,0.08532390684009192,0.20753458477806022
31600.0,38.9030407224076,-77.01902827596315,004703,0.023742386645612453,0.49406175771971494,0.44327445652173914,33.0,0.016926621765331443,1.6011215790340028,0.6753741535165521,0.10391875738334215
31601.0,38.88960008649559,-76.97689956752207,006804,0.0019445274746365277,0.8562854284761587,0.14203584714237402,33.0,2.9177637998880877e-05,1.2861022304573497,0.35465723714338654,0.10253686820435141
31602.0,38.93080164857041,-77.03147278729008,002900,0.014802150137044626,0.49842696629213484,0.5358345358345359,31.2,0.0056447750073179166,1.5569921002486886,0.29838579511100183,0.18390939874198392
31603.0,38.905688944870604,-77.00548803150333,010601,0.008282512866363301,0.4505907626208378,0.5113507377979569,30.1,0.00498196262638394,2.07899637724952,0.5866630097643563,0.32805099680135885
31604.0,38.8994082506837,-77.01526434167619,005900,0.003795991545079152,0.5354944604021338,0.6749683410721824,28.8,0.002281956345318407,1.8221843880522148,0.536335323674837,0.20224715628615195
31605.0,38.885103739696746,-77.00229507279167,006500,0.00577069961142516,0.43722354542361347,0.8002769124264452,34.5,0.0031042790356118335,2.275220974349735,0.6552782881388803,0.28730384393292296
31606.0,38.88029956595511,-76.98620444450759,007100,0.006035970064245304,0.5592847317744154,0.31630925507900676,30.5,0.002256639151942055,2.274294749945991,0.39054611715258525,0.08203844972509881
31607.0,38.88291672478637,-76.98790277382551,006900,0.006526763242353449,0.4529027297193387,0.851962457337884,36.1,0.0030011568004055075,2.248437153471807,0.6113327388245735,0.26359282489071295
31608.0,38.879203843248185,-76.99529687890737,007000,0.00635761468850191,0.5272011453113815,0.8254262416604893,33.9,0.0027578486050337564,2.537367259421859,0.5388432087331422,0.19289686808760692
31609.0,38.87869711727932,-77.02305527439181,010202,0.001596104271332116,0.37375512595196253,0.6131736526946108,35.9,0.0008751925002734977,2.060835397491518,0.27324853294722995,0.1187046476779923
31610.0,38.88695265472618,-76.99680770126282,006600,0.0069646088456844675,0.49244712990936557,0.95,40.2,0.0039346883810966625,2.1837000967325007,0.8623374263073559,0.20624704261371346
31611.0,38.90043232229503,-76.98824932831717,008410,0.007897644346841624,0.47783534830166957,0.6835038363171355,34.8,0.003259994816744643,1.6524038286651337,0.5331174182047141,0.17882753055834352
31612.0,38.89484197554024,-76.9959137382453,008302,0.010851275053566431,0.5400918403391027,0.82103670071888,33.9,0.0045306277334212375,1.8778690833323133,0.898407640382289,0.08590854787634136
31613.0,38.88409542822756,-76.99523828983821,007000,0.00635761468850191,0.5272011453113815,0.8254262416604893,33.9,0.0027578486050337564,2.537367259421859,0.7558612606375426,0.06077159561341351
31615.0,38.89997267089864,-76.99835715838633,008302,0.010851275053566431,0.5400918403391027,0.82103670071888,33.9,0.0045306277334212375,1.8778690833323133,0.9211885904290894,0.11190040763681566
31616.0,38.90041235540473,-77.00196736840446,010602,0.009699378259162521,0.5182440136830102,0.6115533782404572,34.0,0.004995308833586171,2.233131793948051,0.8315381074674074,0.15945115942935997
31617.0,38.90041653490917,-76.98287749119064,008904,0.010105865674996606,0.5078176613080819,0.11509817197020988,34.1,0.0044999031919936445,1.760107610750862,0.39585957725618476,0.052965110598200346
31618.0,38.88995497324383,-77.000351205367,008200,0.00955605985391107,0.4536178107606679,0.8756613756613757,32.4,0.004574143677753351,2.183404993285677,0.7665474679767745,0.20062595312013207
31619.0,38.89046031068041,-76.98835743318213,008002,0.0060919474714186276,0.47802665154522256,0.8131586442608943,34.1,0.00261330210497771,1.7452895782780897,0.8699343906908839,0.12741958995829478
31620.0,38.89722898485676,-77.0193351085279,005801,0.008551154534644625,0.3865461847389558,0.6900974858902001,46.0,0.006181557494923825,1.6200350534241381,0.677843275976022,0.17462920449001054
31621.0,38.89536663892319,-77.01610396299498,005900,0.003795991545079152,0.5354944604021338,0.6749683410721824,28.8,0.002281956345318407,1.8221843880522148,0.5609418721399744,0.22257486783359237
31622.0,38.894832738752974,-76.9876328709665,008001,0.00999395901423504,0.5356478611283323,0.7107594936708861,36.4,0.004752242135101226,1.3438785139409124,0.7920038989360249,0.16439602612081383
31623.0,38.896970851107994,-77.00492361348735,010603,0.004014905119865596,0.3133047210300429,0.8224657534246576,27.6,0.002666551790983695,1.9730877071187272,0.7070995320523477,0.23401062092782535
31624.0,38.897442372121276,-77.00988295165679,005900,0.003795991545079152,0.5354944604021338,0.6749683410721824,28.8,0.002281956345318407,1.8221843880522148,0.5721981587182299,0.1201833153392401
31625.0,38.88118541664939,-77.00182517606997,007000,0.00635761468850191,0.5272011453113815,0.8254262416604893,33.9,0.0027578486050337564,2.537367259421859,0.5487744181979162,0.5549234804626042
31626.0,38.887318254798814,-76.98356784334324,006801,0.010328907048008172,0.5102848101265823,0.5775473399458972,34.2,0.004612870275791624,1.2953562735190258,0.6637310555875662,0.18777837322173915
31627.0,38.90547073434394,-77.00213267551564,010602,0.009699378259162521,0.5182440136830102,0.6115533782404572,34.0,0.004995308833586171,2.233131793948051,0.6801298696709597,0.27189384268757594
31628.0,38.87884903981167,-77.00575342407039,007202,0.01728476929181365,0.4707547169811321,0.8838709677419355,30.3,0.01173516254749235,2.136092459917363,0.4657568038833328,0.2701152366977952
31629.0,38.88998701475652,-76.99519019708148,008200,0.00955605985391107,0.4536178107606679,0.8756613756613757,32.4,0.004574143677753351,2.183404993285677,0.886442988586089,0.059175196371911085
31630.0,38.88990927894856,-76.98333686517914,008002,0.0060919474714186276,0.47802665154522256,0.8131586442608943,34.1,0.00261330210497771,1.7452895782780897,0.6806905473546625,0.09087277260402485
31631.0,38.89727269430788,-76.9947484075895,008402,0.008662192720110876,0.4248421052631579,0.7160439560439561,35.2,0.004737763513020643,2.310816073340946,0.8729148484861122,0.10434785188299314
31632.0,38.897188268072114,-76.9835741471565,007901,0.012511161796931158,0.4827037773359841,0.2175828787242971,33.3,0.004422434527821789,1.8658375465100183,0.5177670665648547,0.15215108176542147
31633.0,38.88731126195196,-77.025763461867,010202,0.001596104271332116,0.37375512595196253,0.6131736526946108,35.9,0.0008751925002734977,2.060835397491518,0.3484158609223645,0.297733692781763
31634.0,38.87500412867397,-77.00240574150526,007201,0.0018849405661475935,0.5594025797691785,0.790454884414616,34.2,0.0015125592323058082,1.838150409184653,0.4048831319061158,0.2834870356189135
31635.0,38.87673693344305,-76.9944665398153,007203,0.006543841656732036,0.4224343675417661,0.6354598177299089,34.1,0.003951293410866838,2.8096727768762735,0.3469622028373508,0.11142074171327487
31636.0,38.90733821867145,-77.01535981878015,004600,0.007244720201544504,0.4610287156831808,0.4938151041666667,34.2,0.0033468824156078114,2.1246280779046383,0.41494442078448956,0.11882713803704888
31637.0,38.899702890031385,-77.00893548876776,010603,0.004014905119865596,0.3133047210300429,0.8224657534246576,27.6,0.002666551790983695,1.9730877071187272,0.5915922917931726,0.06373273604228072
31638.0,38.900357088444935,-77.01212097976257,004702,0.0114178752397233,0.4620338073517574,0.6711259754738016,31.8,0.006565201673927296,2.544607211640177,0.4604846339249691,0.09509307134264143
31639.0,38.899668286196274,-77.00364857884564,010603,0.004014905119865596,0.3133047210300429,0.8224657534246576,27.6,0.002666551790983695,1.9730877071187272,0.7950308688126917,0.20866370259468403
31640.0,38.8962153050577,-76.99279517604599,008100,0.011843573879373303,0.4825479930191972,0.8794178794178794,37.0,0.005470504747075278,1.39920497321622,0.9518602995364043,0.16704411622576526
31641.0,38.894972528421086,-77.00313760305312,008200,0.00955605985391107,0.4536178107606679,0.8756613756613757,32.4,0.004574143677753351,2.183404993285677,0.7144608533725184,0.18087432776241427
31642.0,38.902526465348444,-77.01438654664425,004703,0.023742386645612453,0.49406175771971494,0.44327445652173914,33.0,0.016926621765331443,1.6011215790340028,0.4724931988332033,0.11409320399919905
31643.0,38.88491490480159,-77.0059631336869,006500,0.00577069961142516,0.43722354542361347,0.8002769124264452,34.5,0.0031042790356118335,2.275220974349735,0.550575418198123,0.3483407283818861
31644.0,38.88249081844084,-76.99012079782048,006900,0.006526763242353449,0.4529027297193387,0.851962457337884,36.1,0.0030011568004055075,2.248437153471807,0.647992657041516,0.20819574045198194
31645.0,38.90294075195301,-76.99840468146807,010602,0.009699378259162521,0.5182440136830102,0.6115533782404572,34.0,0.004995308833586171,2.233131793948051,0.8189911281834552,0.14925975045599332
31646.0,38.88043730375611,-77.02523324361671,010202,0.001596104271332116,0.37375512595196253,0.6131736526946108,35.9,0.0008751925002734977,2.060835397491518,0.25050858084710786,0.22403604888797363
31647.0,38.89221738785421,-76.99601376259137,008302,0.010851275053566431,0.5400918403391027,0.82103670071888,33.9,0.0045306277334212375,1.8778690833323133,0.8718707380972213,0.11183548147489848
31648.0,38.869681607720814,-77.01081190110091,006400,0.0037633242215183464,0.5172943889315911,0.19357366771159876,31.7,0.0018845547504375117,2.5446092650030456,0.19982072903558154,0.3040143634623936
31649.0,38.931995315119224,-77.03296127821748,002801,0.023872956779710314,0.4753898635477583,0.46399785061794735,28.7,0.010394974114362167,1.8346925558932634,0.2788236385299658,0.12137788693436999
31650.0,38.87691307658599,-77.00603695011318,007202,0.01728476929181365,0.4707547169811321,0.8838709677419355,30.3,0.01173516254749235,2.136092459917363,0.4479783792365492,0.16483503749887024
31651.0,38.93133317010769,-77.02824111132247,003000,0.019991834254353483,0.47637140821657564,0.46648793565683644,30.4,0.007600789988416035,1.9143950994679075,0.39448205531871244,0.10773694204404363
31652.0,38.87674979301075,-77.00072523304384,007203,0.006543841656732036,0.4224343675417661,0.6354598177299089,34.1,0.003951293410866838,2.8096727768762735,0.4943789705247499,0.20066237145619015
31653.0,38.90266697871455,-77.02140018526245,004703,0.023742386645612453,0.49406175771971494,0.44327445652173914,33.0,0.016926621765331443,1.6011215790340028,0.7463357717486789,0.091327970294408
31654.0,38.87621132903804,-77.01243931199849,006400,0.0037633242215183464,0.5172943889315911,0.19357366771159876,31.7,0.0018845547504375117,2.5446092650030456,0.48895079259761925,0.12299008167140098
31655.0,38.89711135191088,-77.01162181072283,005900,0.003795991545079152,0.5354944604021338,0.6749683410721824,28.8,0.002281956345318407,1.8221843880522148,0.5146420643613814,0.1341251845394083
31656.0,38.90193681779253,-76.97862943624904,008904,0.010105865674996606,0.5078176613080819,0.11509817197020988,34.1,0.0044999031919936445,1.760107610750862,0.15951807891009967,0.07037598631665491
31657.0,38.89293589202068,-76.99827207688003,008200,0.00955605985391107,0.4536178107606679,0.8756613756613757,32.4,0.004574143677753351,2.183404993285677,0.8328103093371432,0.184671814380621
31658.0,38.897815692429646,-76.97963405608404,007901,0.012511161796931158,0.4827037773359841,0.2175828787242971,33.3,0.004422434527821789,1.8658375465100183,0.3668720503733957,0.24090281884869422
31659.0,38.88590521580271,-76.99147822412134,006700,0.010500562613514864,0.49710982658959535,0.8022890484739676,38.9,0.0050821976010720004,1.3608668689858354,0.798996142883579,0.3522780637099004
31660.0,38.90272336325447,-76.99515283275085,010602,0.009699378259162521,0.5182440136830102,0.6115533782404572,34.0,0.004995308833586171,2.233131793948051,0.8100078730546911,0.059468471085400675
31661.0,38.899929928242734,-76.9948928877196,008402,0.008662192720110876,0.4248421052631579,0.7160439560439561,35.2,0.004737763513020643,2.310816073340946,0.8409674948612659,0.08525469951372364
31662.0,38.90239577310875,-77.00565140482219,010603,0.004014905119865596,0.3133047210300429,0.8224657534246576,27.6,0.002666551790983695,1.9730877071187272,0.6681327703993456,0.18717959220535582
31663.0,38.88405680965433,-76.98635564182655,006900,0.006526763242353449,0.4529027297193387,0.851962457337884,36.1,0.0030011568004055075,2.248437153471807,0.6091320928793207,0.38890673891454336
31664.0,38.86628123342014,-77.01054729348958,006400,0.0037633242215183464,0.5172943889315911,0.19357366771159876,31.7,0.0018845547504375117,2.5446092650030456,0.12013349087492066,0.36863155383350354
31665.0,38.88549204247008,-76.9771844190843,006804,0.0019445274746365277,0.8562854284761587,0.14203584714237402,33.0,2.9177637998880877e-05,1.2861022304573497,0.3443938083804283,0.12935687094526735
31666.0,38.881116351721495,-77.0176843786599,010202,0.001596104271332116,0.37375512595196253,0.6131736526946108,35.9,0.0008751925002734977,2.060835397491518,0.3277230156909089,0.1281012646737632
31667.0,38.86373711415876,-77.01380934102366,006400,0.0037633242215183464,0.5172943889315911,0.19357366771159876,31.7,0.0018845547504375117,2.5446092650030456,0.0646623615597223,0.4671031451789635
31668.0,38.87184055491394,-77.00591219565024,007201,0.0018849405661475935,0.5594025797691785,0.790454884414616,34.2,0.0015125592323058082,1.838150409184653,0.27301886251336177,0.5334370116627872
31669.0,38.87682882032302,-77.00212243461193,007203,0.006543841656732036,0.4224343675417661,0.6354598177299089,34.1,0.003951293410866838,2.8096727768762735,0.4792665174715384,0.21156576697261306
31671.0,38.88334196936937,-76.9253033063063,009905,0.006425555776975516,0.4828705373241976,0.015082956259426848,32.8,0.0029868522886842557,1.9343992785374593,0.0,0.24073753945182155
31672.0,38.899981522262514,-76.99272194802055,008402,0.008662192720110876,0.4248421052631579,0.7160439560439561,35.2,0.004737763513020643,2.310816073340946,0.7809162630350913,0.1870472304805112
31673.0,38.87482021179201,-77.02078928074573,011002,0.003533270965747347,0.40625,0.7512048192771085,51.5,0.0027985112080976147,0.7660873369677289,0.2794876942686039,0.2906082127595196
31674.0,38.87674373747485,-77.02094201573045,011002,0.003533270965747347,0.40625,0.7512048192771085,51.5,0.0027985112080976147,0.7660873369677289,0.2937971314623961,0.19568979157277103
31675.0,38.902443176852074,-77.0082452765766,010603,0.004014905119865596,0.3133047210300429,0.8224657534246576,27.6,0.002666551790983695,1.9730877071187272,0.6050823385500261,0.09351382210001168
31676.0,38.87082178700496,-77.01191956441248,006400,0.0037633242215183464,0.5172943889315911,0.19357366771159876,31.7,0.0018845547504375117,2.5446092650030456,0.27779395790013844,0.20474006177374587
31700.0,38.86165663615819,-76.96917453333333,007604,0.0031980607193446164,0.4098173515981735,0.047492125030288344,45.2,0.0014186830999284453,1.9693025672086808,0.00676579756232128,0.11242257678195522
31701.0,38.86920389534884,-76.95977675532946,009901,0.0011825987679280735,0.4774738535800483,0.08731808731808732,49.5,0.0005047213567062293,1.6000465874278245,0.11353160674404031,0.10705768227567503
31702.0,38.878015335545726,-76.96071058554573,009901,0.0011825987679280735,0.4774738535800483,0.08731808731808732,49.5,0.0005047213567062293,1.6000465874278245,0.08931278222136955,0.1380505352166547
31703.0,38.89705748111111,-76.94744550444445,007803,0.004350967945943809,0.42883764267412067,0.03966547192353644,39.7,0.002241868412864595,2.331427322667758,0.0322991676730632,0.07969728333706275
31704.0,38.9013855787728,-76.94187840713101,007803,0.004350967945943809,0.42883764267412067,0.03966547192353644,39.7,0.002241868412864595,2.331427322667758,0.08291120598068846,0.13965551735748535
31705.0,38.893995827485384,-76.9479689122807,009603,0.007095818241685874,0.4851508120649652,0.0028089887640449437,43.1,0.0029914389199868292,2.5509955839487377,0.043520528124337245,0.128825645744218
31706.0,38.86558803379953,-76.95210594522145,007604,0.0031980607193446164,0.4098173515981735,0.047492125030288344,45.2,0.0014186830999284453,1.9693025672086808,0.11928384764105443,0.10873781151544792
31707.0,38.88994663100437,-76.93723077074236,007803,0.004350967945943809,0.42883764267412067,0.03966547192353644,39.7,0.002241868412864595,2.331427322667758,0.023663994016198606,0.07298733988122466
31708.0,38.8965431723356,-76.96011855090703,009604,0.004958470820313044,0.3485576923076923,0.034635521546516314,31.4,0.0017481788148539575,1.6780227202600262,0.0,0.1710142284307213
31710.0,38.898530680089486,-76.93186459451901,007804,0.00519066634225002,0.5186121323529411,0.01832460732984293,28.9,0.0018534686341582104,2.49489784230669,0.0406166665452368,0.12849031822930992
31711.0,38.90845232315892,-76.93310348062015,007806,0.003794862935150737,0.5047095761381476,0.03760886777513856,41.9,0.0017261562566089892,2.292559568513635,0.0,0.11400954290802896
31712.0,38.89446964972084,-76.97483510696443,007903,0.00819133275524814,0.45100935499753814,0.2401397903145282,36.5,0.0033999475690173224,1.4585758445229347,0.24461079139965355,0.32967876561868426
31713.0,38.897410788530465,-76.92590713620072,007807,0.004468683823402818,0.4961472602739726,0.00914235959947758,36.6,0.0016700175418795636,2.1053896189386223,0.0406166665452368,0.09938035889341193
31714.0,38.89181101298701,-76.91357134271284,007808,0.004613322061542272,0.461591855622397,0.004212497074654809,36.4,0.0018786318436636736,2.5674877430648815,0.0,0.28395985835682575
31715.0,38.88300768627452,-76.94971906372548,009901,0.0011825987679280735,0.4774738535800483,0.08731808731808732,49.5,0.0005047213567062293,1.6000465874278245,0.1694381324300904,0.15213165621573732
31716.0,38.89595409291425,-76.96784574958404,006804,0.0019445274746365277,0.8562854284761587,0.14203584714237402,33.0,2.9177637998880877e-05,1.2861022304573497,0.04222834547478804,0.4942683346816043
31717.0,38.90046435314566,-76.94728951975135,009602,0.0030902060060809255,0.36379395740465575,0.018633540372670808,30.0,0.0014601567755330375,1.6130668137754942,0.07946513694557487,0.15815749382792055
31718.0,38.87618063626019,-76.94089077757994,007707,0.005406649573886725,0.5018652622339258,0.023798730734360833,30.3,0.0021095068997960494,1.8714332754125524,0.203111592107023,0.4017867917506461
31719.0,38.897489188153315,-76.96950643786295,006804,0.0019445274746365277,0.8562854284761587,0.14203584714237402,33.0,2.9177637998880877e-05,1.2861022304573497,0.06781362382473352,0.2758853380756087
31720.0,38.878767540545034,-76.97093134670986,007709,0.0026023318437587467,0.4371812702828002,0.0165406427221172,35.5,0.001410350452180795,2.384326725855244,0.07747901231053647,0.5422563372155526
31721.0,38.89045218478261,-76.96128155434783,009604,0.004958470820313044,0.3485576923076923,0.034635521546516314,31.4,0.0017481788148539575,1.6780227202600262,0.02238524850290992,0.22728711370138505
31800.0,38.84322843303659,-76.99938131289167,010400,0.0019193872716380654,0.4006006006006006,0.09452635831145223,37.4,0.000903399294418637,2.41135690454704,0.11861725380470871,0.046502264458094904
31801.0,38.86266622185534,-76.99464851619496,007401,0.001261255151503623,0.41770491803278686,0.05245901639344262,34.8,0.0008493829774388333,2.5390054496684065,0.0,0.0783321584788803
31802.0,38.867370023387096,-76.98804068709678,007601,0.0047661784232699966,0.4187358916478555,0.09860233582232433,37.4,0.002017287707365969,2.494771968276762,0.026225389330255953,0.09515866475931148
31803.0,38.866611595655804,-76.98522861027568,007503,0.00527195401986494,0.47533136966126655,0.08637873754152824,27.1,0.0018828407213803357,2.7243933863315597,0.010795531222283121,0.13641026125073702
31804.0,38.865782793375395,-76.97840190956887,007605,0.009189191571506014,0.45443645083932854,0.040736196319018404,40.5,0.004290493043098851,2.113482373283441,0.014706014244675264,0.1577064094699927
31805.0,38.87306310295176,-76.97101916954644,007601,0.0047661784232699966,0.4187358916478555,0.09860233582232433,37.4,0.002017287707365969,2.494771968276762,0.028586239897462215,0.11914731417965001
31806.0,38.84471154392523,-76.98782161744549,007304,0.0035065349059611095,0.47096923432801296,0.04370060437006044,30.6,0.001541155753256097,2.1802330867698916,0.026756373732361054,0.06152338084405938
31807.0,38.863895431704265,-76.99002417825814,007503,0.00527195401986494,0.47533136966126655,0.08637873754152824,27.1,0.0018828407213803357,2.7243933863315597,0.0,0.11420129498232393
31811.0,38.83152460710195,-77.00814006815578,009807,0.0033885818100465566,0.5594763801935116,0.0337984496124031,42.2,0.0016778976521004579,2.2182802378131155,0.058254762316350864,0.055941978272140536
31812.0,38.87069255714285,-76.98235897662337,007601,0.0047661784232699966,0.4187358916478555,0.09860233582232433,37.4,0.002017287707365969,2.494771968276762,0.026225389330255953,0.27918239644939835
31813.0,38.84627148258706,-76.98184772636814,007304,0.0035065349059611095,0.47096923432801296,0.04370060437006044,30.6,0.001541155753256097,2.1802330867698916,0.03763008640679065,0.115306535568185
31814.0,38.84376967996454,-76.9755711356383,007409,0.010810797459944229,0.34886908841672376,0.0022244191794364805,26.8,0.0042186068223862795,1.292586214869661,0.03763008640679065,0.10243715706355452
31815.0,38.84622998412698,-76.97703379365079,007409,0.010810797459944229,0.34886908841672376,0.0022244191794364805,26.8,0.0042186068223862795,1.292586214869661,0.03763008640679065,0.14468434540223596
31816.0,38.836007176834656,-77.0008875862069,009803,0.005937182239294995,0.4582936885505867,0.015948422124194096,34.6,0.002843369864045494,1.9907053366747138,0.05551403333750642,0.16066772863172515
31817.0,38.824478989406785,-77.00548948764124,009810,0.006902281266706658,0.6167272727272727,0.042061386888973096,35.2,0.00337333309907409,1.9234064521828502,0.03860949257820122,0.15586917697652433
31818.0,38.823734153846154,-77.002227991453,009810,0.006902281266706658,0.6167272727272727,0.042061386888973096,35.2,0.00337333309907409,1.9234064521828502,0.03860949257820122,0.20127884912263924
31819.0,38.81909032440477,-77.01033994047619,010900,0.0014279624445877074,0.548235294117647,0.01799660441426146,27.0,0.0005195263364573512,1.7121903675727024,0.03860949257820122,0.14337881926620435
31820.0,38.87334759845948,-76.98339843927216,007601,0.0047661784232699966,0.4187358916478555,0.09860233582232433,37.4,0.002017287707365969,2.494771968276762,0.07028802165162377,0.5832417771136907
31822.0,38.85500219338959,-76.98448722292545,007407,0.005518317726301955,0.3780887168800238,0.025787106446776613,34.4,0.0024100542138984723,2.3536193462570143,0.03763008640679065,0.19802842935056017
31823.0,38.8357397960199,-76.98314735820895,007304,0.0035065349059611095,0.47096923432801296,0.04370060437006044,30.6,0.001541155753256097,2.1802330867698916,0.0,0.057538981581396975
31824.0,38.83665807581064,-76.99358956286326,009801,0.004766055301077462,0.39007782101167315,0.016401590457256462,38.2,0.002545296070322497,1.89308811471261,0.006477448657391356,0.09988652010180206
31825.0,38.8573340426527,-76.97771584657498,007504,0.003587316004455025,0.5363006202116016,0.005878030859662013,30.0,0.0017511232447868746,2.033958220100372,0.027502994250002844,0.12547360172244443
31826.0,38.869342127943,-76.97852326517967,007601,0.0047661784232699966,0.4187358916478555,0.09860233582232433,37.4,0.002017287707365969,2.494771968276762,0.018930327993259027,0.14122695726018483
31827.0,38.85312979653964,-77.00517468900568,010400,0.0019193872716380654,0.4006006006006006,0.09452635831145223,37.4,0.000903399294418637,2.41135690454704,0.052840130737677946,0.46775797172479683
31828.0,38.88073585886835,-77.00575430552854,007202,0.01728476929181365,0.4707547169811321,0.8838709677419355,30.3,0.01173516254749235,2.136092459917363,0.4879886127447005,0.4742394443706505
32901.0,38.95522655442177,-77.00735858163266,009505,0.0037814263923624286,0.4663424622472485,0.11553133514986376,35.4,0.0016802037924599886,2.3162505442031915,0.1214013463079474,0.09886562241562921
